{"assets/homeIcons/addition.svg":["assets/homeIcons/addition.svg"],"assets/homeIcons/cube.svg":["assets/homeIcons/cube.svg"],"assets/homeIcons/cube_root.svg":["assets/homeIcons/cube_root.svg"],"assets/homeIcons/division.svg":["assets/homeIcons/division.svg"],"assets/homeIcons/factorial.svg":["assets/homeIcons/factorial.svg"],"assets/homeIcons/minus.svg":["assets/homeIcons/minus.svg"],"assets/homeIcons/multiplication.svg":["assets/homeIcons/multiplication.svg"],"assets/homeIcons/percent-1.svg":["assets/homeIcons/percent-1.svg"],"assets/homeIcons/percent.svg":["assets/homeIcons/percent.svg"],"assets/homeIcons/power.svg":["assets/homeIcons/power.svg"],"assets/homeIcons/root.svg":["assets/homeIcons/root.svg"],"assets/homeIcons/square.svg":["assets/homeIcons/square.svg"],"assets/homeIcons/square_root.svg":["assets/homeIcons/square_root.svg"],"assets/homeIcons/table.png":["assets/homeIcons/table.png"],"assets/images/back.svg":["assets/images/back.svg"],"assets/images/backspace.png":["assets/images/backspace.png"],"assets/images/check.svg":["assets/images/check.svg"],"assets/images/close.svg":["assets/images/close.svg"],"assets/images/fill_star.png":["assets/images/fill_star.png"],"assets/images/fill_star.svg":["assets/images/fill_star.svg"],"assets/images/hint.svg":["assets/images/hint.svg"],"assets/images/home.svg":["assets/images/home.svg"],"assets/images/keyboard.svg":["assets/images/keyboard.svg"],"assets/images/mask_group.png":["assets/images/mask_group.png"],"assets/images/more.svg":["assets/images/more.svg"],"assets/images/next.svg":["assets/images/next.svg"],"assets/images/rate.png":["assets/images/rate.png"],"assets/images/retry.svg":["assets/images/retry.svg"],"assets/images/right.svg":["assets/images/right.svg"],"assets/images/select.svg":["assets/images/select.svg"],"assets/images/share.svg":["assets/images/share.svg"],"assets/images/splash.svg":["assets/images/splash.svg"],"assets/images/star.png":["assets/images/star.png"],"assets/images/star.svg":["assets/images/star.svg"],"assets/images/star_fill.svg":["assets/images/star_fill.svg"],"assets/images/theme_close.svg":["assets/images/theme_close.svg"],"assets/images/trophy.svg":["assets/images/trophy.svg"],"assets/images/un_select.svg":["assets/images/un_select.svg"],"assets/images/wrong.svg":["assets/images/wrong.svg"],"assets/logo/frame.svg":["assets/logo/frame.svg"],"assets/logo/inApp.png":["assets/logo/inApp.png"],"assets/logo/logo-2.svg":["assets/logo/logo-2.svg"],"assets/logo/logo.png":["assets/logo/logo.png"],"assets/logo/logo.svg":["assets/logo/logo.svg"],"assets/right.mp3":["assets/right.mp3"],"assets/tick.mp3":["assets/tick.mp3"],"assets/trickImages/trick_05_percent_rule.jpg":["assets/trickImages/trick_05_percent_rule.jpg"],"assets/trickImages/trick_150_percent_rule.jpg":["assets/trickImages/trick_150_percent_rule.jpg"],"assets/trickImages/trick_15_percent_rule.jpg":["assets/trickImages/trick_15_percent_rule.jpg"],"assets/trickImages/trick_200_percent_rule.jpg":["assets/trickImages/trick_200_percent_rule.jpg"],"assets/trickImages/trick_20_percent_rule.jpg":["assets/trickImages/trick_20_percent_rule.jpg"],"assets/trickImages/trick_250_percent_rule.jpg":["assets/trickImages/trick_250_percent_rule.jpg"],"assets/trickImages/trick_25_percent_rule.jpg":["assets/trickImages/trick_25_percent_rule.jpg"],"assets/trickImages/trick_2_percent_rule.jpg":["assets/trickImages/trick_2_percent_rule.jpg"],"assets/trickImages/trick_300_percent_rule.jpg":["assets/trickImages/trick_300_percent_rule.jpg"],"assets/trickImages/trick_3_root_rule.jpg":["assets/trickImages/trick_3_root_rule.jpg"],"assets/trickImages/trick_40_percent_rule.jpg":["assets/trickImages/trick_40_percent_rule.jpg"],"assets/trickImages/trick_4_percent_rule.jpg":["assets/trickImages/trick_4_percent_rule.jpg"],"assets/trickImages/trick_4_root_rule.jpg":["assets/trickImages/trick_4_root_rule.jpg"],"assets/trickImages/trick_500_percent_rule.jpg":["assets/trickImages/trick_500_percent_rule.jpg"],"assets/trickImages/trick_50_percent_rule.jpg":["assets/trickImages/trick_50_percent_rule.jpg"],"assets/trickImages/trick_5_percent_rule.jpg":["assets/trickImages/trick_5_percent_rule.jpg"],"assets/trickImages/trick_5_root_rule.jpg":["assets/trickImages/trick_5_root_rule.jpg"],"assets/trickImages/trick_6_root_rule.jpg":["assets/trickImages/trick_6_root_rule.jpg"],"assets/trickImages/trick_750_percent_rule.jpg":["assets/trickImages/trick_750_percent_rule.jpg"],"assets/trickImages/trick_75_percent_rule.jpg":["assets/trickImages/trick_75_percent_rule.jpg"],"assets/trickImages/trick_9_root_rule.png":["assets/trickImages/trick_9_root_rule.png"],"assets/trickImages/trick_adding_numbers_close_to_hundreds_rule.jpg":["assets/trickImages/trick_adding_numbers_close_to_hundreds_rule.jpg"],"assets/trickImages/trick_addition_rule _1.jpg":["assets/trickImages/trick_addition_rule _1.jpg"],"assets/trickImages/trick_addition_rule.jpg":["assets/trickImages/trick_addition_rule.jpg"],"assets/trickImages/trick_dividing_by_025_rule.jpg":["assets/trickImages/trick_dividing_by_025_rule.jpg"],"assets/trickImages/trick_dividing_by_02_rule.jpg":["assets/trickImages/trick_dividing_by_02_rule.jpg"],"assets/trickImages/trick_dividing_by_05_rule.jpg":["assets/trickImages/trick_dividing_by_05_rule.jpg"],"assets/trickImages/trick_dividing_by_15_rule.jpg":["assets/trickImages/trick_dividing_by_15_rule.jpg"],"assets/trickImages/trick_dividing_by_20_rule.jpg":["assets/trickImages/trick_dividing_by_20_rule.jpg"],"assets/trickImages/trick_dividing_by_25_rule.jpg":["assets/trickImages/trick_dividing_by_25_rule.jpg"],"assets/trickImages/trick_dividing_by_2_rule.jpg":["assets/trickImages/trick_dividing_by_2_rule.jpg"],"assets/trickImages/trick_dividing_by_3_rule.jpg":["assets/trickImages/trick_dividing_by_3_rule.jpg"],"assets/trickImages/trick_dividing_by_40_rule.jpg":["assets/trickImages/trick_dividing_by_40_rule.jpg"],"assets/trickImages/trick_dividing_by_4_rule.jpg":["assets/trickImages/trick_dividing_by_4_rule.jpg"],"assets/trickImages/trick_dividing_by_50_rule.jpg":["assets/trickImages/trick_dividing_by_50_rule.jpg"],"assets/trickImages/trick_dividing_by_5_rule.jpg":["assets/trickImages/trick_dividing_by_5_rule.jpg"],"assets/trickImages/trick_dividing_by_6_rule.jpg":["assets/trickImages/trick_dividing_by_6_rule.jpg"],"assets/trickImages/trick_dividing_by_7_rule.jpg":["assets/trickImages/trick_dividing_by_7_rule.jpg"],"assets/trickImages/trick_dividing_by_8_rule.jpg":["assets/trickImages/trick_dividing_by_8_rule.jpg"],"assets/trickImages/trick_dividing_by_9_rule.jpg":["assets/trickImages/trick_dividing_by_9_rule.jpg"],"assets/trickImages/trick_division_rule.jpg":["assets/trickImages/trick_division_rule.jpg"],"assets/trickImages/trick_multiplication_rule.jpg":["assets/trickImages/trick_multiplication_rule.jpg"],"assets/trickImages/trick_multiplication_rule_1.jpg":["assets/trickImages/trick_multiplication_rule_1.jpg"],"assets/trickImages/trick_multiply.jpg":["assets/trickImages/trick_multiply.jpg"],"assets/trickImages/trick_multiply_by_025_rule.jpg":["assets/trickImages/trick_multiply_by_025_rule.jpg"],"assets/trickImages/trick_multiply_by_02_rule.jpg":["assets/trickImages/trick_multiply_by_02_rule.jpg"],"assets/trickImages/trick_multiply_by_05_rule.jpg":["assets/trickImages/trick_multiply_by_05_rule.jpg"],"assets/trickImages/trick_multiply_by_11_2digit_rule.jpg":["assets/trickImages/trick_multiply_by_11_2digit_rule.jpg"],"assets/trickImages/trick_multiply_by_125_rule.jpg":["assets/trickImages/trick_multiply_by_125_rule.jpg"],"assets/trickImages/trick_multiply_by_12_rule.jpg":["assets/trickImages/trick_multiply_by_12_rule.jpg"],"assets/trickImages/trick_multiply_by_13_rule.jpg":["assets/trickImages/trick_multiply_by_13_rule.jpg"],"assets/trickImages/trick_multiply_by_14_rule.jpg":["assets/trickImages/trick_multiply_by_14_rule.jpg"],"assets/trickImages/trick_multiply_by_15_rule.jpg":["assets/trickImages/trick_multiply_by_15_rule.jpg"],"assets/trickImages/trick_multiply_by_16_rule.jpg":["assets/trickImages/trick_multiply_by_16_rule.jpg"],"assets/trickImages/trick_multiply_by_17_rule.jpg":["assets/trickImages/trick_multiply_by_17_rule.jpg"],"assets/trickImages/trick_multiply_by_18_rule.jpg":["assets/trickImages/trick_multiply_by_18_rule.jpg"],"assets/trickImages/trick_multiply_by_19_rule.jpg":["assets/trickImages/trick_multiply_by_19_rule.jpg"],"assets/trickImages/trick_multiply_by_20_rule.jpg":["assets/trickImages/trick_multiply_by_20_rule.jpg"],"assets/trickImages/trick_multiply_by_250_rule.jpg":["assets/trickImages/trick_multiply_by_250_rule.jpg"],"assets/trickImages/trick_multiply_by_25_rule.jpg":["assets/trickImages/trick_multiply_by_25_rule.jpg"],"assets/trickImages/trick_multiply_by_2_rule.jpg":["assets/trickImages/trick_multiply_by_2_rule.jpg"],"assets/trickImages/trick_multiply_by_3_rule.jpg":["assets/trickImages/trick_multiply_by_3_rule.jpg"],"assets/trickImages/trick_multiply_by_4_rule.jpg":["assets/trickImages/trick_multiply_by_4_rule.jpg"],"assets/trickImages/trick_multiply_by_500_rule.jpg":["assets/trickImages/trick_multiply_by_500_rule.jpg"],"assets/trickImages/trick_multiply_by_50_rule.jpg":["assets/trickImages/trick_multiply_by_50_rule.jpg"],"assets/trickImages/trick_multiply_by_5_rule.jpg":["assets/trickImages/trick_multiply_by_5_rule.jpg"],"assets/trickImages/trick_multiply_by_6_rule.jpg":["assets/trickImages/trick_multiply_by_6_rule.jpg"],"assets/trickImages/trick_multiply_by_750_rule.jpg":["assets/trickImages/trick_multiply_by_750_rule.jpg"],"assets/trickImages/trick_multiply_by_75_rule.jpg":["assets/trickImages/trick_multiply_by_75_rule.jpg"],"assets/trickImages/trick_multiply_by_7_rule.jpg":["assets/trickImages/trick_multiply_by_7_rule.jpg"],"assets/trickImages/trick_multiply_by_8_rule.jpg":["assets/trickImages/trick_multiply_by_8_rule.jpg"],"assets/trickImages/trick_multiply_by_999_rule.jpg":["assets/trickImages/trick_multiply_by_999_rule.jpg"],"assets/trickImages/trick_multiply_by_99_rule.jpg":["assets/trickImages/trick_multiply_by_99_rule.jpg"],"assets/trickImages/trick_multiply_by_9_rule.jpg":["assets/trickImages/trick_multiply_by_9_rule.jpg"],"assets/trickImages/trick_multiply_numbers_between_11_and_19_rule.jpg":["assets/trickImages/trick_multiply_numbers_between_11_and_19_rule.jpg"],"assets/trickImages/trick_multiply_two_digit_numbers_editing_in_1_rule.jpg":["assets/trickImages/trick_multiply_two_digit_numbers_editing_in_1_rule.jpg"],"assets/trickImages/trick_multiply_two_digit_numbers_having_same_tens_rule.jpg":["assets/trickImages/trick_multiply_two_digit_numbers_having_same_tens_rule.jpg"],"assets/trickImages/trick_percent_2_rule.jpg":["assets/trickImages/trick_percent_2_rule.jpg"],"assets/trickImages/trick_percent_rule.jpg":["assets/trickImages/trick_percent_rule.jpg"],"assets/trickImages/trick_power_2_between_1000_and_9999_rule.jpg":["assets/trickImages/trick_power_2_between_1000_and_9999_rule.jpg"],"assets/trickImages/trick_power_2_between_100_and_999_rule.jpg":["assets/trickImages/trick_power_2_between_100_and_999_rule.jpg"],"assets/trickImages/trick_power_2_rule.jpg":["assets/trickImages/trick_power_2_rule.jpg"],"assets/trickImages/trick_power_3_between_100_and_999_rule.jpg":["assets/trickImages/trick_power_3_between_100_and_999_rule.jpg"],"assets/trickImages/trick_power_3_rule.jpg":["assets/trickImages/trick_power_3_rule.jpg"],"assets/trickImages/trick_power_4_rule.jpg":["assets/trickImages/trick_power_4_rule.jpg"],"assets/trickImages/trick_power_6_rule.jpg":["assets/trickImages/trick_power_6_rule.jpg"],"assets/trickImages/trick_power_9_rule.jpg":["assets/trickImages/trick_power_9_rule.jpg"],"assets/trickImages/trick_power_of_two_rule.jpg":["assets/trickImages/trick_power_of_two_rule.jpg"],"assets/trickImages/trick_square_number_between_100_and_109_rule.jpg":["assets/trickImages/trick_square_number_between_100_and_109_rule.jpg"],"assets/trickImages/trick_square_number_between_10_and_19_rule.jpg":["assets/trickImages/trick_square_number_between_10_and_19_rule.jpg"],"assets/trickImages/trick_square_number_between_11_and_99_rule.jpg":["assets/trickImages/trick_square_number_between_11_and_99_rule.jpg"],"assets/trickImages/trick_square_number_between_20_and_29_rule.jpg":["assets/trickImages/trick_square_number_between_20_and_29_rule.jpg"],"assets/trickImages/trick_square_number_between_30_and_39_rule.jpg":["assets/trickImages/trick_square_number_between_30_and_39_rule.jpg"],"assets/trickImages/trick_square_number_between_40_and_49_rule.jpg":["assets/trickImages/trick_square_number_between_40_and_49_rule.jpg"],"assets/trickImages/trick_square_number_between_50_and_59_rule.jpg":["assets/trickImages/trick_square_number_between_50_and_59_rule.jpg"],"assets/trickImages/trick_square_number_between_60_and_69_rule.jpg":["assets/trickImages/trick_square_number_between_60_and_69_rule.jpg"],"assets/trickImages/trick_square_number_between_70_and_79_rule.jpg":["assets/trickImages/trick_square_number_between_70_and_79_rule.jpg"],"assets/trickImages/trick_square_number_between_80_and_89_rule.jpg":["assets/trickImages/trick_square_number_between_80_and_89_rule.jpg"],"assets/trickImages/trick_square_numbers_editing_in_05_rule.jpg":["assets/trickImages/trick_square_numbers_editing_in_05_rule.jpg"],"assets/trickImages/trick_square_numbers_editing_in_125_rule.jpg":["assets/trickImages/trick_square_numbers_editing_in_125_rule.jpg"],"assets/trickImages/trick_square_numbers_editing_in_15_rule.jpg":["assets/trickImages/trick_square_numbers_editing_in_15_rule.jpg"],"assets/trickImages/trick_square_numbers_editing_in_25_rule.jpg":["assets/trickImages/trick_square_numbers_editing_in_25_rule.jpg"],"assets/trickImages/trick_square_numbers_editing_in_5_rule.jpg":["assets/trickImages/trick_square_numbers_editing_in_5_rule.jpg"],"assets/trickImages/trick_square_numbers_editing_in_75_rule.jpg":["assets/trickImages/trick_square_numbers_editing_in_75_rule.jpg"],"assets/trickImages/trick_square_numbers_editing_in_95_rule.jpg":["assets/trickImages/trick_square_numbers_editing_in_95_rule.jpg"],"assets/trickImages/trick_square_root_rule.jpg":["assets/trickImages/trick_square_root_rule.jpg"],"assets/trickImages/trick_subtracting_from_1000_rule.jpg":["assets/trickImages/trick_subtracting_from_1000_rule.jpg"],"assets/trickImages/trick_subtracting_numbers_close_to_hundreds_rule.jpg":["assets/trickImages/trick_subtracting_numbers_close_to_hundreds_rule.jpg"],"assets/trickImages/trick_subtraction_rule.jpg":["assets/trickImages/trick_subtraction_rule.jpg"],"assets/trickImages/trick_tough_multiplication_rule.jpg":["assets/trickImages/trick_tough_multiplication_rule.jpg"],"assets/trickes":["assets/trickes"],"assets/wrong.mp3":["assets/wrong.mp3"],"fonts/OriginalSurfer-Regular.ttf":["fonts/OriginalSurfer-Regular.ttf"],"fonts/RedRose-Bold.ttf":["fonts/RedRose-Bold.ttf"],"fonts/SFPRODISPLAYBOLD.OTF":["fonts/SFPRODISPLAYBOLD.OTF"],"fonts/SFPRODISPLAYMEDIUM.OTF":["fonts/SFPRODISPLAYMEDIUM.OTF"],"fonts/SFPRODISPLAYREGULAR.OTF":["fonts/SFPRODISPLAYREGULAR.OTF"],"packages/cupertino_icons/assets/CupertinoIcons.ttf":["packages/cupertino_icons/assets/CupertinoIcons.ttf"],"packages/flutter_math_fork/lib/katex_fonts/fonts/KaTeX_AMS-Regular.ttf":["packages/flutter_math_fork/lib/katex_fonts/fonts/KaTeX_AMS-Regular.ttf"],"packages/flutter_math_fork/lib/katex_fonts/fonts/KaTeX_Caligraphic-Bold.ttf":["packages/flutter_math_fork/lib/katex_fonts/fonts/KaTeX_Caligraphic-Bold.ttf"],"packages/flutter_math_fork/lib/katex_fonts/fonts/KaTeX_Caligraphic-Regular.ttf":["packages/flutter_math_fork/lib/katex_fonts/fonts/KaTeX_Caligraphic-Regular.ttf"],"packages/flutter_math_fork/lib/katex_fonts/fonts/KaTeX_Fraktur-Bold.ttf":["packages/flutter_math_fork/lib/katex_fonts/fonts/KaTeX_Fraktur-Bold.ttf"],"packages/flutter_math_fork/lib/katex_fonts/fonts/KaTeX_Fraktur-Regular.ttf":["packages/flutter_math_fork/lib/katex_fonts/fonts/KaTeX_Fraktur-Regular.ttf"],"packages/flutter_math_fork/lib/katex_fonts/fonts/KaTeX_Main-Bold.ttf":["packages/flutter_math_fork/lib/katex_fonts/fonts/KaTeX_Main-Bold.ttf"],"packages/flutter_math_fork/lib/katex_fonts/fonts/KaTeX_Main-BoldItalic.ttf":["packages/flutter_math_fork/lib/katex_fonts/fonts/KaTeX_Main-BoldItalic.ttf"],"packages/flutter_math_fork/lib/katex_fonts/fonts/KaTeX_Main-Italic.ttf":["packages/flutter_math_fork/lib/katex_fonts/fonts/KaTeX_Main-Italic.ttf"],"packages/flutter_math_fork/lib/katex_fonts/fonts/KaTeX_Main-Regular.ttf":["packages/flutter_math_fork/lib/katex_fonts/fonts/KaTeX_Main-Regular.ttf"],"packages/flutter_math_fork/lib/katex_fonts/fonts/KaTeX_Math-BoldItalic.ttf":["packages/flutter_math_fork/lib/katex_fonts/fonts/KaTeX_Math-BoldItalic.ttf"],"packages/flutter_math_fork/lib/katex_fonts/fonts/KaTeX_Math-Italic.ttf":["packages/flutter_math_fork/lib/katex_fonts/fonts/KaTeX_Math-Italic.ttf"],"packages/flutter_math_fork/lib/katex_fonts/fonts/KaTeX_SansSerif-Bold.ttf":["packages/flutter_math_fork/lib/katex_fonts/fonts/KaTeX_SansSerif-Bold.ttf"],"packages/flutter_math_fork/lib/katex_fonts/fonts/KaTeX_SansSerif-Italic.ttf":["packages/flutter_math_fork/lib/katex_fonts/fonts/KaTeX_SansSerif-Italic.ttf"],"packages/flutter_math_fork/lib/katex_fonts/fonts/KaTeX_SansSerif-Regular.ttf":["packages/flutter_math_fork/lib/katex_fonts/fonts/KaTeX_SansSerif-Regular.ttf"],"packages/flutter_math_fork/lib/katex_fonts/fonts/KaTeX_Script-Regular.ttf":["packages/flutter_math_fork/lib/katex_fonts/fonts/KaTeX_Script-Regular.ttf"],"packages/flutter_math_fork/lib/katex_fonts/fonts/KaTeX_Size1-Regular.ttf":["packages/flutter_math_fork/lib/katex_fonts/fonts/KaTeX_Size1-Regular.ttf"],"packages/flutter_math_fork/lib/katex_fonts/fonts/KaTeX_Size2-Regular.ttf":["packages/flutter_math_fork/lib/katex_fonts/fonts/KaTeX_Size2-Regular.ttf"],"packages/flutter_math_fork/lib/katex_fonts/fonts/KaTeX_Size3-Regular.ttf":["packages/flutter_math_fork/lib/katex_fonts/fonts/KaTeX_Size3-Regular.ttf"],"packages/flutter_math_fork/lib/katex_fonts/fonts/KaTeX_Size4-Regular.ttf":["packages/flutter_math_fork/lib/katex_fonts/fonts/KaTeX_Size4-Regular.ttf"],"packages/flutter_math_fork/lib/katex_fonts/fonts/KaTeX_Typewriter-Regular.ttf":["packages/flutter_math_fork/lib/katex_fonts/fonts/KaTeX_Typewriter-Regular.ttf"],"packages/fluttertoast/assets/toastify.css":["packages/fluttertoast/assets/toastify.css"],"packages/fluttertoast/assets/toastify.js":["packages/fluttertoast/assets/toastify.js"],"packages/wakelock_plus/assets/no_sleep.js":["packages/wakelock_plus/assets/no_sleep.js"]}